<?xml version="1.0" encoding="UTF-8"?>
<!DOCTYPE coverity SYSTEM "config.dtd">
<coverity>

<metrics>
    <metric>
        <name>time</name>
        <value>170</value>
    </metric>
    <metric>
        <name>args</name>
        <value>cov-build --dir cov-int</value>
    </metric>
    <metric>
        <name>host</name>
        <value>CHRISTIANRI-NB0</value>
    </metric>
    <metric>
        <name>short-platform</name>
        <value>win64</value>
    </metric>
    <metric>
        <name>platform</name>
        <value>Windows 7 Enterprise, 64-bit, Service Pack 1 (build 7601)</value>
    </metric>
    <metric>
        <name>ident</name>
        <value>2017.07 (build c7e331b562 p-milo-push-30112.651)</value>
    </metric>
    <metric>
        <name>user</name>
        <value>ChristianRi</value>
    </metric>
    <metric>
        <name>cwd</name>
        <value>C:\Users\ChristianRi\Source\Repos\railwayessential</value>
    </metric>
    <metric>
        <name>config</name>
        <value>C:\Users\ChristianRi\Source\Tools\cov-analysis-win64-2017.07\config\coverity_config.xml</value>
    </metric>
    <metric>
        <name>intermediatedir</name>
        <value>C:\Users\ChristianRi\Source\Repos\railwayessential\cov-int</value>
    </metric>
    <metric>
        <name>outputdir</name>
        <value>C:\Users\ChristianRi\Source\Repos\railwayessential\cov-int\output</value>
    </metric>
    <metric>
        <name>emitdir</name>
        <value>C:\Users\ChristianRi\Source\Repos\railwayessential\cov-int\emit</value>
    </metric>
    <metric>
        <name>force</name>
        <value>no</value>
    </metric>
    <metric>
        <name>cygwin</name>
        <value>no</value>
    </metric>
    <metric>
        <name>failures</name>
        <value>0</value>
    </metric>
    <metric>
        <name>successes</name>
        <value>127</value>
    </metric>
    <metric>
        <name>recoverable-errors</name>
        <value>0</value>
    </metric>
    <metric>
        <name>cs-webapps-detected</name>
        <value>0</value>
    </metric>
    <metric>
        <name>cs-webapp-successes</name>
        <value>0</value>
    </metric>
    <metric>
        <name>cs-webapp-compilation-secs</name>
        <value>0</value>
    </metric>
    <metric>
        <name>buildcmd</name>
        <value>msbuild.exe /t:Rebuild</value>
    </metric>
</metrics>
</coverity>
