﻿[
  {
    "type": "S88",
    "setup": {
      "objectId": 100,
      "pin": 1,
      "visuX": 6,
      "visuY": 2,
      "invertSwitch": false,
      "fncToggle": false,
      "startFncTypes": [],
      "stopFncTypes": []
    }
  },
  {
    "type": "S88",
    "setup": {
      "objectId": 100,
      "pin": 2,
      "visuX": 6,
      "visuY": 5,
      "invertSwitch": false,
      "fncToggle": false,
      "startFncTypes": [],
      "stopFncTypes": []
    }
  },
  {
    "type": "S88",
    "setup": {
      "objectId": 100,
      "pin": 4,
      "visuX": 13,
      "visuY": 2,
      "invertSwitch": false,
      "fncToggle": false,
      "startFncTypes": [],
      "stopFncTypes": []
    }
  },
  {
    "type": "S88",
    "setup": {
      "objectId": 100,
      "pin": 3,
      "visuX": 13,
      "visuY": 5,
      "invertSwitch": false,
      "fncToggle": false,
      "startFncTypes": [],
      "stopFncTypes": []
    }
  }
]