<?xml version="1.0" encoding="UTF-8"?>
<!DOCTYPE coverity SYSTEM "coverity_config.dtd">
<coverity>
<!-- THIS FILE IS AUTOMATICALLY GENERATED - YOU MAY ADD XML ENTITIES -->
<!-- TO UPDATE THE COMPILER CONFIGURATION AFTER THE begin_command_line_config ENTITY. -->

    <cit_version>1</cit_version>
    <config>
      <build>
        <compiler>
          <comp_name>csc</comp_name>
          <comp_dir>c:\program files (x86)\microsoft visual studio\2017\professional\msbuild\15.0\bin\roslyn</comp_dir>
          <comp_translator>csc</comp_translator>
          <comp_lang>C#</comp_lang>
          <comp_front_end>cov-emit-cs</comp_front_end>
          <comp_desc>Microsoft C# Compiler</comp_desc>
          <comp_generic>csc</comp_generic>
          <id>csc-csc-d59e7a7dcdc67b64ea99d1591332e69b-0</id>
          <is_compiler>true</is_compiler>
          <is_linker>false</is_linker>
        </compiler>
        <options>
          <id>csc-csc-d59e7a7dcdc67b64ea99d1591332e69b-0</id>
          <template_config_option_id>csc-csc-.*</template_config_option_id>
          <prepend_arg>--use-fe=roslyn</prepend_arg>
          <skip_arg>/?</skip_arg>
          <skip_arg>-?</skip_arg>
          <skip_arg_regex_icase>[-/]help</skip_arg_regex_icase>
          <pre_trans>
            <options>
              <prepend_arg>-coverity_source=csharp</prepend_arg>
              <intern_trans>csc_pre_translate</intern_trans>
            </options>
          </pre_trans>
          <expand>
            <options>
              <replace_arg_regex>
                <replace>@[a-zA-Z0-9]+@(.*)</replace>
                <with>--coverity_resp_file=$1</with>
              </replace_arg_regex>
              <replace_arg_regex>
                <replace>@+(.*)</replace>
                <with>--coverity_resp_file=$1</with>
              </replace_arg_regex>
            </options>
          </expand>
          <begin_command_line_config></begin_command_line_config>
        </options>
      </build>
    </config>
    <md5>f9c70b95e9793b40baab78b58e3b8929</md5>
</coverity>

